SourceFile,Directory,FileName,DateTimeOriginal,Subject,TagsList,Keywords,cameraID,DateTime,roundDate,dateOnly,blastID,uniqueID,site_ID,plot_ID,reserve
/Volumes/TOSHIBA EXT/WaterbergCameraTraps2024/R1Processed/00000000_ECO_06.JPG,/Volumes/TOSHIBA EXT/WaterbergCameraTraps2024/R1Processed,00000000_ECO_06.JPG,2020:01:01 22:00:04,ParticularlyBeautiful,Misc/ParticularlyBeautiful,ParticularlyBeautiful,ECO_06,2024-01-01T22:00:04Z,2024-01-01T22:00:00Z,2024-01-01,ECO_06_6,obs18,JE_S01,JE_S01_P03,Jembisa
/Volumes/TOSHIBA EXT/WaterbergCameraTraps2024/R1Processed/01190224_ECO_06.JPG,/Volumes/TOSHIBA EXT/WaterbergCameraTraps2024/R1Processed,01190224_ECO_06.JPG,2020:01:19 02:25:59,ParticularlyBeautiful,Misc/ParticularlyBeautiful,ParticularlyBeautiful,ECO_06,2024-01-19T02:25:59Z,2024-01-19T02:26:00Z,2024-01-19,ECO_06_46,obs227,JE_S01,JE_S01_P03,Jembisa
/Volumes/TOSHIBA EXT/WaterbergCameraTraps2024/R1Processed/02040570_ECO_06.JPG,/Volumes/TOSHIBA EXT/WaterbergCameraTraps2024/R1Processed,02040570_ECO_06.JPG,2020:02:04 21:13:03,ParticularlyBeautiful,Misc/ParticularlyBeautiful,ParticularlyBeautiful,ECO_06,2024-02-04T21:13:03Z,2024-02-04T21:13:00Z,2024-02-04,ECO_06_92,obs379,JE_S01,JE_S01_P03,Jembisa
/Volumes/TOSHIBA EXT/WaterbergCameraTraps2024/R1Processed/02200059_ECO_01.JPG,/Volumes/TOSHIBA EXT/WaterbergCameraTraps2024/R1Processed,02200059_ECO_01.JPG,2024:02:20 10:50:28,ParticularlyBeautiful,Misc/ParticularlyBeautiful,ParticularlyBeautiful,ECO_01,2024-02-20T10:50:28Z,2024-02-20T10:50:00Z,2024-02-20,ECO_01_148,obs603,LA_S01,LA_S01_P03,Lapalala
/Volumes/TOSHIBA EXT/WaterbergCameraTraps2024/R1Processed/02230004_ECO_03.JPG,/Volumes/TOSHIBA EXT/WaterbergCameraTraps2024/R1Processed,02230004_ECO_03.JPG,2024:02:23 10:52:20,ParticularlyBeautiful,Misc/ParticularlyBeautiful,ParticularlyBeautiful,ECO_03,2024-02-23T10:52:20Z,2024-02-23T10:52:00Z,2024-02-23,ECO_03_207,obs740,LA_S04,LA_S04_P03,Lapalala
/Volumes/TOSHIBA EXT/WaterbergCameraTraps2024/R1Processed/02230050_ECO_02.JPG,/Volumes/TOSHIBA EXT/WaterbergCameraTraps2024/R1Processed,02230050_ECO_02.JPG,2024:02:23 11:29:58,ParticularlyBeautiful,Misc/ParticularlyBeautiful,ParticularlyBeautiful,ECO_02,2024-02-23T11:29:58Z,2024-02-23T11:30:00Z,2024-02-23,ECO_02_210,obs789,LA_S03,LA_S03_P03,Lapalala
/Volumes/TOSHIBA EXT/WaterbergCameraTraps2024/R1Processed/02260012_ECO_12.JPG,/Volumes/TOSHIBA EXT/WaterbergCameraTraps2024/R1Processed,02260012_ECO_12.JPG,2024:02:26 08:49:14,ParticularlyBeautiful,Misc/ParticularlyBeautiful,ParticularlyBeautiful,ECO_12,2024-02-26T08:49:14Z,2024-02-26T08:49:00Z,2024-02-26,ECO_12_254,obs951,WI_S02,WI_S02_P03,Willowisp
/Volumes/TOSHIBA EXT/WaterbergCameraTraps2024/R1Processed/02260108_ECO_15.JPG,/Volumes/TOSHIBA EXT/WaterbergCameraTraps2024/R1Processed,02260108_ECO_15.JPG,2024:02:26 16:32:20,ParticularlyBeautiful,Misc/ParticularlyBeautiful,ParticularlyBeautiful,ECO_15,2024-02-26T16:32:20Z,2024-02-26T16:32:00Z,2024-02-26,ECO_15_263,obs980,WI_S05,WI_S05_P03,Willowisp
/Volumes/TOSHIBA EXT/WaterbergCameraTraps2024/R1Processed/02290041_ECO_14.JPG,/Volumes/TOSHIBA EXT/WaterbergCameraTraps2024/R1Processed,02290041_ECO_14.JPG,2024:02:29 16:01:59,ParticularlyBeautiful,Misc/ParticularlyBeautiful,ParticularlyBeautiful,ECO_14,2024-02-29T16:01:59Z,2024-02-29T16:02:00Z,2024-02-29,ECO_14_332,obs1190,WI_S04,WI_S04_P03,Willowisp
/Volumes/TOSHIBA EXT/WaterbergCameraTraps2024/R1Processed/03030019_ECO_23.JPG,/Volumes/TOSHIBA EXT/WaterbergCameraTraps2024/R1Processed,03030019_ECO_23.JPG,2024:03:03 13:59:51,ParticularlyBeautiful,Misc/ParticularlyBeautiful,ParticularlyBeautiful,ECO_23,2024-03-03T13:59:51Z,2024-03-03T14:00:00Z,2024-03-03,ECO_23_505,obs1761,SU_S03,SU_S03_P03,Summerplace
/Volumes/TOSHIBA EXT/WaterbergCameraTraps2024/R1Processed/03030026_ECO_23.JPG,/Volumes/TOSHIBA EXT/WaterbergCameraTraps2024/R1Processed,03030026_ECO_23.JPG,2024:03:03 17:01:15,ParticularlyBeautiful,Misc/ParticularlyBeautiful,ParticularlyBeautiful,ECO_23,2024-03-03T17:01:15Z,2024-03-03T17:01:00Z,2024-03-03,ECO_23_522,obs1782,SU_S03,SU_S03_P03,Summerplace
/Volumes/TOSHIBA EXT/WaterbergCameraTraps2024/R1Processed/03040039_ECO_23.JPG,/Volumes/TOSHIBA EXT/WaterbergCameraTraps2024/R1Processed,03040039_ECO_23.JPG,2024:03:04 10:47:15,ParticularlyBeautiful,Misc/ParticularlyBeautiful,ParticularlyBeautiful,ECO_23,2024-03-04T10:47:15Z,2024-03-04T10:47:00Z,2024-03-04,ECO_23_571,obs1943,SU_S03,SU_S03_P03,Summerplace
/Volumes/TOSHIBA EXT/WaterbergCameraTraps2024/R1Processed/03040040_ECO_23.JPG,/Volumes/TOSHIBA EXT/WaterbergCameraTraps2024/R1Processed,03040040_ECO_23.JPG,2024:03:04 11:23:37,ParticularlyBeautiful,Misc/ParticularlyBeautiful,ParticularlyBeautiful,ECO_23,2024-03-04T11:23:37Z,2024-03-04T11:24:00Z,2024-03-04,ECO_23_578,obs1946,SU_S03,SU_S03_P03,Summerplace
/Volumes/TOSHIBA EXT/WaterbergCameraTraps2024/R1Processed/03040042_ECO_23.JPG,/Volumes/TOSHIBA EXT/WaterbergCameraTraps2024/R1Processed,03040042_ECO_23.JPG,2024:03:04 11:23:38,ParticularlyBeautiful,Misc/ParticularlyBeautiful,ParticularlyBeautiful,ECO_23,2024-03-04T11:23:38Z,2024-03-04T11:24:00Z,2024-03-04,ECO_23_578,obs1951,SU_S03,SU_S03_P03,Summerplace
/Volumes/TOSHIBA EXT/WaterbergCameraTraps2024/R1Processed/03060088_ECO_23.JPG,/Volumes/TOSHIBA EXT/WaterbergCameraTraps2024/R1Processed,03060088_ECO_23.JPG,2024:03:06 08:36:57,ParticularlyBeautiful,Misc/ParticularlyBeautiful,ParticularlyBeautiful,ECO_23,2024-03-06T08:36:57Z,2024-03-06T08:37:00Z,2024-03-06,ECO_23_698,obs2417,SU_S03,SU_S03_P03,Summerplace
/Volumes/TOSHIBA EXT/WaterbergCameraTraps2024/R1Processed/03070745_ECO_24.JPG,/Volumes/TOSHIBA EXT/WaterbergCameraTraps2024/R1Processed,03070745_ECO_24.JPG,2024:03:07 14:54:28,ParticularlyBeautiful,Misc/ParticularlyBeautiful,ParticularlyBeautiful,ECO_24,2024-03-07T14:54:28Z,2024-03-07T14:54:00Z,2024-03-07,ECO_24_765,obs2558,SU_S04,SU_S04_P03,Summerplace
/Volumes/TOSHIBA EXT/WaterbergCameraTraps2024/R1Processed/03070746_ECO_24.JPG,/Volumes/TOSHIBA EXT/WaterbergCameraTraps2024/R1Processed,03070746_ECO_24.JPG,2024:03:07 14:54:29,ParticularlyBeautiful,Misc/ParticularlyBeautiful,ParticularlyBeautiful,ECO_24,2024-03-07T14:54:29Z,2024-03-07T14:54:00Z,2024-03-07,ECO_24_765,obs2560,SU_S04,SU_S04_P03,Summerplace
/Volumes/TOSHIBA EXT/WaterbergCameraTraps2024/R1Processed/03070747_ECO_24.JPG,/Volumes/TOSHIBA EXT/WaterbergCameraTraps2024/R1Processed,03070747_ECO_24.JPG,2024:03:07 14:54:29,ParticularlyBeautiful,Misc/ParticularlyBeautiful,ParticularlyBeautiful,ECO_24,2024-03-07T14:54:29Z,2024-03-07T14:54:00Z,2024-03-07,ECO_24_765,obs2562,SU_S04,SU_S04_P03,Summerplace
/Volumes/TOSHIBA EXT/WaterbergCameraTraps2024/R1Processed/03090095_ECO_24.JPG,/Volumes/TOSHIBA EXT/WaterbergCameraTraps2024/R1Processed,03090095_ECO_24.JPG,2024:03:09 22:28:09,ParticularlyBeautiful,Misc/ParticularlyBeautiful,ParticularlyBeautiful,ECO_24,2024-03-09T22:28:09Z,2024-03-09T22:28:00Z,2024-03-09,ECO_24_880,obs2687,SU_S04,SU_S04_P03,Summerplace
/Volumes/TOSHIBA EXT/WaterbergCameraTraps2024/R1Processed/03090371_ECO_21.JPG,/Volumes/TOSHIBA EXT/WaterbergCameraTraps2024/R1Processed,03090371_ECO_21.JPG,2024:03:09 06:30:07,ParticularlyBeautiful,Misc/ParticularlyBeautiful,ParticularlyBeautiful,ECO_21,2024-03-09T06:30:07Z,2024-03-09T06:30:00Z,2024-03-09,ECO_21_822,obs2776,SU_S01,SU_S01_P03,Summerplace
/Volumes/TOSHIBA EXT/WaterbergCameraTraps2024/R1Processed/03110114_ECO_23.JPG,/Volumes/TOSHIBA EXT/WaterbergCameraTraps2024/R1Processed,03110114_ECO_23.JPG,2024:03:11 14:04:36,ParticularlyBeautiful,Misc/ParticularlyBeautiful,ParticularlyBeautiful,ECO_23,2024-03-11T14:04:36Z,2024-03-11T14:05:00Z,2024-03-11,ECO_23_989,obs3061,SU_S03,SU_S03_P03,Summerplace
/Volumes/TOSHIBA EXT/WaterbergCameraTraps2024/R1Processed/03130047_ECO_33.JPG,/Volumes/TOSHIBA EXT/WaterbergCameraTraps2024/R1Processed,03130047_ECO_33.JPG,2024:03:13 15:26:16,ParticularlyBeautiful,Misc/ParticularlyBeautiful,ParticularlyBeautiful,ECO_33,2024-03-13T15:26:16Z,2024-03-13T15:26:00Z,2024-03-13,ECO_33_1146,obs3405,AN_S03,AN_S03_P03,Ant's Farm
/Volumes/TOSHIBA EXT/WaterbergCameraTraps2024/R1Processed/03130180_ECO_12.JPG,/Volumes/TOSHIBA EXT/WaterbergCameraTraps2024/R1Processed,03130180_ECO_12.JPG,2024:03:13 10:52:38,ParticularlyBeautiful,Misc/ParticularlyBeautiful,ParticularlyBeautiful,ECO_12,2024-03-13T10:52:38Z,2024-03-13T10:53:00Z,2024-03-13,ECO_12_1108,obs3439,WI_S02,WI_S02_P03,Willowisp
/Volumes/TOSHIBA EXT/WaterbergCameraTraps2024/R1Processed/03130181_ECO_12.JPG,/Volumes/TOSHIBA EXT/WaterbergCameraTraps2024/R1Processed,03130181_ECO_12.JPG,2024:03:13 10:52:53,ParticularlyBeautiful,Misc/ParticularlyBeautiful,ParticularlyBeautiful,ECO_12,2024-03-13T10:52:53Z,2024-03-13T10:53:00Z,2024-03-13,ECO_12_1108,obs3441,WI_S02,WI_S02_P03,Willowisp
/Volumes/TOSHIBA EXT/WaterbergCameraTraps2024/R1Processed/03130194_ECO_12.JPG,/Volumes/TOSHIBA EXT/WaterbergCameraTraps2024/R1Processed,03130194_ECO_12.JPG,2024:03:13 10:54:29,ParticularlyBeautiful,Misc/ParticularlyBeautiful,ParticularlyBeautiful,ECO_12,2024-03-13T10:54:29Z,2024-03-13T10:54:00Z,2024-03-13,ECO_12_1109,obs3460,WI_S02,WI_S02_P03,Willowisp
/Volumes/TOSHIBA EXT/WaterbergCameraTraps2024/R1Processed/03130217_ECO_31.JPG,/Volumes/TOSHIBA EXT/WaterbergCameraTraps2024/R1Processed,03130217_ECO_31.JPG,2024:03:13 16:16:56,ParticularlyBeautiful,Misc/ParticularlyBeautiful,ParticularlyBeautiful,ECO_31,2024-03-13T16:16:56Z,2024-03-13T16:17:00Z,2024-03-13,ECO_31_1149,obs3480,AN_S01,AN_S01_P03,Ant's Farm
/Volumes/TOSHIBA EXT/WaterbergCameraTraps2024/R1Processed/03140043_ECO_35.JPG,/Volumes/TOSHIBA EXT/WaterbergCameraTraps2024/R1Processed,03140043_ECO_35.JPG,2024:03:14 10:21:45,ParticularlyBeautiful,Misc/ParticularlyBeautiful,ParticularlyBeautiful,ECO_35,2024-03-14T10:21:45Z,2024-03-14T10:22:00Z,2024-03-14,ECO_35_1201,obs3605,AN_S05,AN_S05_P03,Ant's Farm
/Volumes/TOSHIBA EXT/WaterbergCameraTraps2024/R1Processed/03150011_ECO_39.JPG,/Volumes/TOSHIBA EXT/WaterbergCameraTraps2024/R1Processed,03150011_ECO_39.JPG,2024:03:15 12:58:51,ParticularlyBeautiful,Misc/ParticularlyBeautiful,ParticularlyBeautiful,ECO_39,2024-03-15T12:58:51Z,2024-03-15T12:59:00Z,2024-03-15,ECO_39_1316,obs3764,KA_S04,KA_S04_P03,Kaingo
/Volumes/TOSHIBA EXT/WaterbergCameraTraps2024/R1Processed/03150260_ECO_12.JPG,/Volumes/TOSHIBA EXT/WaterbergCameraTraps2024/R1Processed,03150260_ECO_12.JPG,2024:03:15 11:46:07,ParticularlyBeautiful,Misc/ParticularlyBeautiful,ParticularlyBeautiful,ECO_12,2024-03-15T11:46:07Z,2024-03-15T11:46:00Z,2024-03-15,ECO_12_1297,obs3822,WI_S02,WI_S02_P03,Willowisp
/Volumes/TOSHIBA EXT/WaterbergCameraTraps2024/R1Processed/03160042_ECO_30.JPG,/Volumes/TOSHIBA EXT/WaterbergCameraTraps2024/R1Processed,03160042_ECO_30.JPG,2024:03:16 14:32:47,ParticularlyBeautiful,Misc/ParticularlyBeautiful,ParticularlyBeautiful,ECO_30,2024-03-16T14:32:47Z,2024-03-16T14:33:00Z,2024-03-16,ECO_30_1370,obs4027,DA_S05,DA_S05_P03,Dabchick
/Volumes/TOSHIBA EXT/WaterbergCameraTraps2024/R1Processed/03160044_ECO_30.JPG,/Volumes/TOSHIBA EXT/WaterbergCameraTraps2024/R1Processed,03160044_ECO_30.JPG,2024:03:16 14:37:49,ParticularlyBeautiful,Misc/ParticularlyBeautiful,ParticularlyBeautiful,ECO_30,2024-03-16T14:37:49Z,2024-03-16T14:38:00Z,2024-03-16,ECO_30_1371,obs4030,DA_S05,DA_S05_P03,Dabchick
/Volumes/TOSHIBA EXT/WaterbergCameraTraps2024/R1Processed/03180795_ECO_34.JPG,/Volumes/TOSHIBA EXT/WaterbergCameraTraps2024/R1Processed,03180795_ECO_34.JPG,2024:03:18 17:43:00,ParticularlyBeautiful,Misc/ParticularlyBeautiful,ParticularlyBeautiful,ECO_34,2024-03-18T17:43:00Z,2024-03-18T17:43:00Z,2024-03-18,ECO_34_1558,obs4493,AN_S04,AN_S04_P03,Ant's Farm
/Volumes/TOSHIBA EXT/WaterbergCameraTraps2024/R1Processed/03180994_ECO_25.JPG,/Volumes/TOSHIBA EXT/WaterbergCameraTraps2024/R1Processed,03180994_ECO_25.JPG,2023:03:18 14:00:44,ParticularlyBeautiful,Misc/ParticularlyBeautiful,ParticularlyBeautiful,ECO_25,2024-03-18T14:00:44Z,2024-03-18T14:01:00Z,2024-03-18,ECO_25_1540,obs4496,SU_S05,SU_S05_P03,Summerplace
/Volumes/TOSHIBA EXT/WaterbergCameraTraps2024/R1Processed/03200100_ECO_28.JPG,/Volumes/TOSHIBA EXT/WaterbergCameraTraps2024/R1Processed,03200100_ECO_28.JPG,2024:03:20 13:47:55,ParticularlyBeautiful,Misc/ParticularlyBeautiful,ParticularlyBeautiful,ECO_28,2024-03-20T13:47:55Z,2024-03-20T13:48:00Z,2024-03-20,ECO_28_1679,obs4751,DA_S03,DA_S03_P03,Dabchick
/Volumes/TOSHIBA EXT/WaterbergCameraTraps2024/R1Processed/03200124_ECO_25.JPG,/Volumes/TOSHIBA EXT/WaterbergCameraTraps2024/R1Processed,03200124_ECO_25.JPG,2023:03:20 11:32:56,ParticularlyBeautiful,Misc/ParticularlyBeautiful,ParticularlyBeautiful,ECO_25,2024-03-20T11:32:56Z,2024-03-20T11:33:00Z,2024-03-20,ECO_25_1667,obs4762,SU_S05,SU_S05_P03,Summerplace
/Volumes/TOSHIBA EXT/WaterbergCameraTraps2024/R1Processed/03200143_ECO_25.JPG,/Volumes/TOSHIBA EXT/WaterbergCameraTraps2024/R1Processed,03200143_ECO_25.JPG,2023:03:20 16:32:11,ParticularlyBeautiful,Misc/ParticularlyBeautiful,ParticularlyBeautiful,ECO_25,2024-03-20T16:32:11Z,2024-03-20T16:32:00Z,2024-03-20,ECO_25_1698,obs4770,SU_S05,SU_S05_P03,Summerplace
/Volumes/TOSHIBA EXT/WaterbergCameraTraps2024/R1Processed/03200291_ECO_27.JPG,/Volumes/TOSHIBA EXT/WaterbergCameraTraps2024/R1Processed,03200291_ECO_27.JPG,2024:03:20 16:33:35,ParticularlyBeautiful,Misc/ParticularlyBeautiful,ParticularlyBeautiful,ECO_27,2024-03-20T16:33:35Z,2024-03-20T16:34:00Z,2024-03-20,ECO_27_1699,obs4807,DA_S02,DA_S02_P03,Dabchick
/Volumes/TOSHIBA EXT/WaterbergCameraTraps2024/R1Processed/03210810_ECO_40.JPG,/Volumes/TOSHIBA EXT/WaterbergCameraTraps2024/R1Processed,03210810_ECO_40.JPG,2024:03:21 07:49:22,ParticularlyBeautiful,Misc/ParticularlyBeautiful,ParticularlyBeautiful,ECO_40,2024-03-21T07:49:22Z,2024-03-21T07:49:00Z,2024-03-21,ECO_40_1723,obs5032,KA_S05,KA_S05_P03,Kaingo
/Volumes/TOSHIBA EXT/WaterbergCameraTraps2024/R1Processed/03230118_ECO_35.JPG,/Volumes/TOSHIBA EXT/WaterbergCameraTraps2024/R1Processed,03230118_ECO_35.JPG,2024:03:23 12:28:06,ParticularlyBeautiful,Misc/ParticularlyBeautiful,ParticularlyBeautiful,ECO_35,2024-03-23T12:28:06Z,2024-03-23T12:28:00Z,2024-03-23,ECO_35_1938,obs5359,AN_S05,AN_S05_P03,Ant's Farm
/Volumes/TOSHIBA EXT/WaterbergCameraTraps2024/R1Processed/03230119_ECO_35.JPG,/Volumes/TOSHIBA EXT/WaterbergCameraTraps2024/R1Processed,03230119_ECO_35.JPG,2024:03:23 12:28:07,ParticularlyBeautiful,Misc/ParticularlyBeautiful,ParticularlyBeautiful,ECO_35,2024-03-23T12:28:07Z,2024-03-23T12:28:00Z,2024-03-23,ECO_35_1938,obs5361,AN_S05,AN_S05_P03,Ant's Farm
/Volumes/TOSHIBA EXT/WaterbergCameraTraps2024/R1Processed/03230120_ECO_35.JPG,/Volumes/TOSHIBA EXT/WaterbergCameraTraps2024/R1Processed,03230120_ECO_35.JPG,2024:03:23 12:28:07,ParticularlyBeautiful,Misc/ParticularlyBeautiful,ParticularlyBeautiful,ECO_35,2024-03-23T12:28:07Z,2024-03-23T12:28:00Z,2024-03-23,ECO_35_1938,obs5364,AN_S05,AN_S05_P03,Ant's Farm
/Volumes/TOSHIBA EXT/WaterbergCameraTraps2024/R1Processed/03230179_ECO_25.JPG,/Volumes/TOSHIBA EXT/WaterbergCameraTraps2024/R1Processed,03230179_ECO_25.JPG,2023:03:23 14:06:19,ParticularlyBeautiful,Misc/ParticularlyBeautiful,ParticularlyBeautiful,ECO_25,2024-03-23T14:06:19Z,2024-03-23T14:06:00Z,2024-03-23,ECO_25_1963,obs5421,SU_S05,SU_S05_P03,Summerplace
/Volumes/TOSHIBA EXT/WaterbergCameraTraps2024/R1Processed/03240017_ECO_46.JPG,/Volumes/TOSHIBA EXT/WaterbergCameraTraps2024/R1Processed,03240017_ECO_46.JPG,2024:03:24 12:11:11,ParticularlyBeautiful,Misc/ParticularlyBeautiful,ParticularlyBeautiful,ECO_46,2024-03-24T12:11:11Z,2024-03-24T12:11:00Z,2024-03-24,ECO_46_2036,obs5580,MA_S01,MA_S01_P03,Marakele
/Volumes/TOSHIBA EXT/WaterbergCameraTraps2024/R1Processed/03240200_ECO_25.JPG,/Volumes/TOSHIBA EXT/WaterbergCameraTraps2024/R1Processed,03240200_ECO_25.JPG,2023:03:24 09:32:25,ParticularlyBeautiful,Misc/ParticularlyBeautiful,ParticularlyBeautiful,ECO_25,2024-03-24T09:32:25Z,2024-03-24T09:32:00Z,2024-03-24,ECO_25_1998,obs5687,SU_S05,SU_S05_P03,Summerplace
/Volumes/TOSHIBA EXT/WaterbergCameraTraps2024/R1Processed/03240422_ECO_24.JPG,/Volumes/TOSHIBA EXT/WaterbergCameraTraps2024/R1Processed,03240422_ECO_24.JPG,2024:03:24 15:10:52,ParticularlyBeautiful,Misc/ParticularlyBeautiful,ParticularlyBeautiful,ECO_24,2024-03-24T15:10:52Z,2024-03-24T15:11:00Z,2024-03-24,ECO_24_2074,obs5763,SU_S04,SU_S04_P03,Summerplace
/Volumes/TOSHIBA EXT/WaterbergCameraTraps2024/R1Processed/03250177_ECO_23.JPG,/Volumes/TOSHIBA EXT/WaterbergCameraTraps2024/R1Processed,03250177_ECO_23.JPG,2024:03:25 11:43:59,ParticularlyBeautiful,Misc/ParticularlyBeautiful,ParticularlyBeautiful,ECO_23,2024-03-25T11:43:59Z,2024-03-25T11:44:00Z,2024-03-25,ECO_23_2130,obs5901,SU_S03,SU_S03_P03,Summerplace
/Volumes/TOSHIBA EXT/WaterbergCameraTraps2024/R1Processed/03250219_ECO_14.JPG,/Volumes/TOSHIBA EXT/WaterbergCameraTraps2024/R1Processed,03250219_ECO_14.JPG,2024:03:25 06:39:10,ParticularlyBeautiful,Misc/ParticularlyBeautiful,ParticularlyBeautiful,ECO_14,2024-03-25T06:39:10Z,2024-03-25T06:39:00Z,2024-03-25,ECO_14_2101,obs5919,WI_S04,WI_S04_P03,Willowisp
/Volumes/TOSHIBA EXT/WaterbergCameraTraps2024/R1Processed/03250573_ECO_20.JPG,/Volumes/TOSHIBA EXT/WaterbergCameraTraps2024/R1Processed,03250573_ECO_20.JPG,2024:03:25 13:04:21,ParticularlyBeautiful,Misc/ParticularlyBeautiful,ParticularlyBeautiful,ECO_20,2024-03-25T13:04:21Z,2024-03-25T13:04:00Z,2024-03-25,ECO_20_2145,obs6033,SY_S05,SY_S05_P03,Syringa Sands
/Volumes/TOSHIBA EXT/WaterbergCameraTraps2024/R1Processed/04010633_ECO_27.JPG,/Volumes/TOSHIBA EXT/WaterbergCameraTraps2024/R1Processed,04010633_ECO_27.JPG,2024:04:01 16:13:23,ParticularlyBeautiful,Misc/ParticularlyBeautiful,ParticularlyBeautiful,ECO_27,2024-04-01T16:13:23Z,2024-04-01T16:13:00Z,2024-04-01,ECO_27_2788,obs7716,DA_S02,DA_S02_P03,Dabchick
/Volumes/TOSHIBA EXT/WaterbergCameraTraps2024/R1Processed/04060249_ECO_35.JPG,/Volumes/TOSHIBA EXT/WaterbergCameraTraps2024/R1Processed,04060249_ECO_35.JPG,2024:04:06 11:49:10,ParticularlyBeautiful,Misc/ParticularlyBeautiful,ParticularlyBeautiful,ECO_35,2024-04-06T11:49:10Z,2024-04-06T11:49:00Z,2024-04-06,ECO_35_3143,obs8551,AN_S05,AN_S05_P03,Ant's Farm
/Volumes/TOSHIBA EXT/WaterbergCameraTraps2024/R1Processed/04080519_ECO_19.JPG,/Volumes/TOSHIBA EXT/WaterbergCameraTraps2024/R1Processed,04080519_ECO_19.JPG,2024:04:08 10:01:54,ParticularlyBeautiful,Misc/ParticularlyBeautiful,ParticularlyBeautiful,ECO_19,2024-04-08T10:01:54Z,2024-04-08T10:02:00Z,2024-04-08,ECO_19_3269,obs8927,SY_S04,SY_S04_P03,Syringa Sands
/Volumes/TOSHIBA EXT/WaterbergCameraTraps2024/R1Processed/04270258_ECO_23.JPG,/Volumes/TOSHIBA EXT/WaterbergCameraTraps2024/R1Processed,04270258_ECO_23.JPG,2024:04:27 09:58:44,ParticularlyBeautiful,Misc/ParticularlyBeautiful,ParticularlyBeautiful,ECO_23,2024-04-27T09:58:44Z,2024-04-27T09:59:00Z,2024-04-27,ECO_23_4664,obs12657,SU_S03,SU_S03_P03,Summerplace
/Volumes/TOSHIBA EXT/WaterbergCameraTraps2024/R1Processed/04300336_ECO_27.JPG,/Volumes/TOSHIBA EXT/WaterbergCameraTraps2024/R1Processed,04300336_ECO_27.JPG,2024:04:30 10:10:24,ParticularlyBeautiful,Misc/ParticularlyBeautiful,ParticularlyBeautiful,ECO_27,2024-04-30T10:10:24Z,2024-04-30T10:10:00Z,2024-04-30,ECO_27_4879,obs13336,DA_S02,DA_S02_P03,Dabchick
/Volumes/TOSHIBA EXT/WaterbergCameraTraps2024/R1Processed/04300736_ECO_31.JPG,/Volumes/TOSHIBA EXT/WaterbergCameraTraps2024/R1Processed,04300736_ECO_31.JPG,2024:04:30 14:00:31,ParticularlyBeautiful,Misc/ParticularlyBeautiful,ParticularlyBeautiful,ECO_31,2024-04-30T14:00:31Z,2024-04-30T14:01:00Z,2024-04-30,ECO_31_4912,obs13426,AN_S01,AN_S01_P03,Ant's Farm
/Volumes/TOSHIBA EXT/WaterbergCameraTraps2024/R1Processed/05020391_ECO_35.JPG,/Volumes/TOSHIBA EXT/WaterbergCameraTraps2024/R1Processed,05020391_ECO_35.JPG,2024:05:02 15:26:28,ParticularlyBeautiful,Misc/ParticularlyBeautiful,ParticularlyBeautiful,ECO_35,2024-05-02T15:26:28Z,2024-05-02T15:26:00Z,2024-05-02,ECO_35_5091,obs13858,AN_S05,AN_S05_P03,Ant's Farm
/Volumes/TOSHIBA EXT/WaterbergCameraTraps2024/R1Processed/05030256_ECO_14.JPG,/Volumes/TOSHIBA EXT/WaterbergCameraTraps2024/R1Processed,05030256_ECO_14.JPG,2024:05:03 11:23:34,ParticularlyBeautiful,Misc/ParticularlyBeautiful,ParticularlyBeautiful,ECO_14,2024-05-03T11:23:34Z,2024-05-03T11:24:00Z,2024-05-03,ECO_14_5164,obs13968,WI_S04,WI_S04_P03,Willowisp
/Volumes/TOSHIBA EXT/WaterbergCameraTraps2024/R1Processed/05100612_ECO_33.JPG,/Volumes/TOSHIBA EXT/WaterbergCameraTraps2024/R1Processed,05100612_ECO_33.JPG,2024:05:10 17:00:17,ParticularlyBeautiful,Misc/ParticularlyBeautiful,ParticularlyBeautiful,ECO_33,2024-05-10T17:00:17Z,2024-05-10T17:00:00Z,2024-05-10,ECO_33_5704,obs15234,AN_S03,AN_S03_P03,Ant's Farm
/Volumes/TOSHIBA EXT/WaterbergCameraTraps2024/R1Processed/05120096_ECO_27.JPG,/Volumes/TOSHIBA EXT/WaterbergCameraTraps2024/R1Processed,05120096_ECO_27.JPG,2024:05:12 09:51:43,ParticularlyBeautiful,Misc/ParticularlyBeautiful,ParticularlyBeautiful,ECO_27,2024-05-12T09:51:43Z,2024-05-12T09:52:00Z,2024-05-12,ECO_27_5783,obs15409,DA_S02,DA_S02_P03,Dabchick
/Volumes/TOSHIBA EXT/WaterbergCameraTraps2024/R1Processed/05120512_ECO_28.JPG,/Volumes/TOSHIBA EXT/WaterbergCameraTraps2024/R1Processed,05120512_ECO_28.JPG,2024:05:12 15:46:41,ParticularlyBeautiful,Misc/ParticularlyBeautiful,ParticularlyBeautiful,ECO_28,2024-05-12T15:46:41Z,2024-05-12T15:47:00Z,2024-05-12,ECO_28_5800,obs15453,DA_S03,DA_S03_P03,Dabchick
/Volumes/TOSHIBA EXT/WaterbergCameraTraps2024/R1Processed/05120803_ECO_40.JPG,/Volumes/TOSHIBA EXT/WaterbergCameraTraps2024/R1Processed,05120803_ECO_40.JPG,2024:05:12 06:56:45,ParticularlyBeautiful,Misc/ParticularlyBeautiful,ParticularlyBeautiful,ECO_40,2024-05-12T06:56:45Z,2024-05-12T06:57:00Z,2024-05-12,ECO_40_5767,obs15482,KA_S05,KA_S05_P03,Kaingo
/Volumes/TOSHIBA EXT/WaterbergCameraTraps2024/R1Processed/05170062_ECO_20.JPG,/Volumes/TOSHIBA EXT/WaterbergCameraTraps2024/R1Processed,05170062_ECO_20.JPG,2024:05:17 14:40:40,ParticularlyBeautiful,Misc/ParticularlyBeautiful,ParticularlyBeautiful,ECO_20,2024-05-17T14:40:40Z,2024-05-17T14:41:00Z,2024-05-17,ECO_20_6081,obs16113,SY_S05,SY_S05_P03,Syringa Sands
/Volumes/TOSHIBA EXT/WaterbergCameraTraps2024/R1Processed/05180600_ECO_28.JPG,/Volumes/TOSHIBA EXT/WaterbergCameraTraps2024/R1Processed,05180600_ECO_28.JPG,2024:05:18 17:07:30,ParticularlyBeautiful,Misc/ParticularlyBeautiful,ParticularlyBeautiful,ECO_28,2024-05-18T17:07:30Z,2024-05-18T17:08:00Z,2024-05-18,ECO_28_6143,obs16344,DA_S03,DA_S03_P03,Dabchick
/Volumes/TOSHIBA EXT/WaterbergCameraTraps2024/R1Processed/05190933_ECO_49.JPG,/Volumes/TOSHIBA EXT/WaterbergCameraTraps2024/R1Processed,05190933_ECO_49.JPG,2024:05:19 05:10:23,ParticularlyBeautiful,Misc/ParticularlyBeautiful,ParticularlyBeautiful,ECO_49,2024-05-19T05:10:23Z,2024-05-19T05:10:00Z,2024-05-19,ECO_49_6160,obs16495,MA_S04,MA_S04_P03,Marakele
/Volumes/TOSHIBA EXT/WaterbergCameraTraps2024/R1Processed/05300042_ECO_40.JPG,/Volumes/TOSHIBA EXT/WaterbergCameraTraps2024/R1Processed,05300042_ECO_40.JPG,2024:05:30 07:25:58,ParticularlyBeautiful,Misc/ParticularlyBeautiful,ParticularlyBeautiful,ECO_40,2024-05-30T07:25:58Z,2024-05-30T07:26:00Z,2024-05-30,ECO_40_6736,obs17826,KA_S05,KA_S05_P03,Kaingo
/Volumes/TOSHIBA EXT/WaterbergCameraTraps2024/R1Processed/06010923_ECO_15.JPG,/Volumes/TOSHIBA EXT/WaterbergCameraTraps2024/R1Processed,06010923_ECO_15.JPG,2024:06:01 07:54:29,ParticularlyBeautiful,Misc/ParticularlyBeautiful,ParticularlyBeautiful,ECO_15,2024-06-01T07:54:29Z,2024-06-01T07:54:00Z,2024-06-01,ECO_15_6835,obs18191,WI_S05,WI_S05_P03,Willowisp
/Volumes/TOSHIBA EXT/WaterbergCameraTraps2024/R1Processed/06090189_ECO_15.JPG,/Volumes/TOSHIBA EXT/WaterbergCameraTraps2024/R1Processed,06090189_ECO_15.JPG,2024:06:09 15:48:16,ParticularlyBeautiful,Misc/ParticularlyBeautiful,ParticularlyBeautiful,ECO_15,2024-06-09T15:48:16Z,2024-06-09T15:48:00Z,2024-06-09,ECO_15_7433,obs19414,WI_S05,WI_S05_P03,Willowisp
/Volumes/TOSHIBA EXT/WaterbergCameraTraps2024/R1Processed/06260409_ECO_28.JPG,/Volumes/TOSHIBA EXT/WaterbergCameraTraps2024/R1Processed,06260409_ECO_28.JPG,2024:06:26 17:19:25,ParticularlyBeautiful,Misc/ParticularlyBeautiful,ParticularlyBeautiful,ECO_28,2024-06-26T17:19:25Z,2024-06-26T17:19:00Z,2024-06-26,ECO_28_8083,obs21175,DA_S03,DA_S03_P03,Dabchick
